model,roc_auc_chronological,roc_auc_random,pr_auc_chronological,pr_auc_random,brier_chronological,brier_random,recall_at_20_chronological,recall_at_20_random,lift_at_20_chronological,lift_at_20_random,roc_auc_random_minus_chronological,pr_auc_random_minus_chronological,recall_at_20_random_minus_chronological,lift_at_20_random_minus_chronological,brier_random_minus_chronological
catboost,0.7305824692204755,0.7536667826785707,0.19714146436937177,0.29231335392410623,0.07675090609587412,0.08774918149143097,0.44091858037578285,0.4864038069340585,2.204429990894109,2.43183931776398,0.02308431345809514,0.09517188955473446,0.04548522655827564,0.22740932686987092,0.010998275395556853
hybrid_stack,0.7343991844259616,0.7428388108209598,0.1993753925546906,0.27334196952019524,0.18100952883499355,0.2049627161312959,0.44843423799582466,0.4571719918422842,2.2420055021025314,2.285691042901854,0.008439626394998179,0.07396657696550463,0.008737753846459528,0.04368554079932263,0.02395318729630236
logistic,0.6990821914608464,0.7125906773382588,0.16944232809735404,0.23058122409922074,0.17003514106292,0.20882484472340068,0.3974947807933194,0.4187627464309993,1.9873270372454466,2.0936590073272003,0.01350848587741238,0.0611388960018667,0.02126796563767991,0.10633197008175377,0.03878970366048068
random_forest,0.7288561618121641,0.7318179382887506,0.19339787467932612,0.25435208571457485,0.10967334147324302,0.13267615605992591,0.4421711899791232,0.44663494221617944,2.2106925760955125,2.2330096880096924,0.002961776476586575,0.06095421103524873,0.004463752237056251,0.022317111914179844,0.023002814586682893
xgboost,0.7243821160036601,0.7391286540262072,0.19043382633418382,0.26452941859278956,0.07716971655007504,0.08913114201679388,0.43173277661795406,0.4537729435757988,2.158504366083815,2.2686970574527696,0.014746538022547107,0.07409559225860574,0.02204016695784472,0.1101926913689546,0.011961425466718842
