comparison,row_n,unique_pid_n,overlap_row_n,overlap_row_rate,overlap_unique_pid_n,overlap_unique_pid_rate
valid,25961,10855,15521,0.5978583259504642,6172,0.5685859051128512
test_vs_train,27063,11187,14342,0.5299486383623397,5621,0.5024582104228122
test_vs_train_valid,27063,11187,23806,0.8796511842737317,9357,0.8364172700455886
