model,n,roc_auc,pr_auc,f1,brier,recall_at_10,lift_at_10,recall_at_20,lift_at_20,subset
logistic,3257,0.697457538110671,0.25607663561268496,0.3432084963666853,0.22821250052722145,0.19583333333333333,1.9565311860940697,0.37083333333333335,1.8524603783231084,new_person_only_from_core_test
random_forest,3257,0.7206300264073942,0.27799383275444545,0.33147113594040967,0.1621811685453463,0.2125,2.1230444785276075,0.4,1.9981595092024542,new_person_only_from_core_test
xgboost,3257,0.7233285319889569,0.28645038445136234,0.08582089552238806,0.11688829632720953,0.22083333333333333,2.2063011247443765,0.4,1.9981595092024542,new_person_only_from_core_test
catboost,3257,0.7239977193614213,0.2901334851258703,0.07307692307692308,0.11644150645511708,0.22916666666666666,2.2895577709611454,0.40208333333333335,2.00856658997955,new_person_only_from_core_test
hybrid_stack,3257,0.7260975573160485,0.2887560115835409,0.3609612555174105,0.2661669644393,0.23125,2.3103719325153373,0.4083333333333333,2.0397878323108385,new_person_only_from_core_test
