model,roc_auc,pr_auc,f1,brier,recall_at_10,lift_at_10,recall_at_20,lift_at_20
catboost_retrain_test,0.7309362615280403,0.1970756981742162,0.020300446609825416,0.07685211960206942,0.260125260960334,2.6005799546987514,0.43966597077244257,2.1981674056927054
